model,family,spatial,note,dic,p_dic,waic,p_waic,marginal_loglik,cpo_failure_rate,zi_prob_mean,nb_size_mean,spatial_range_mean_m,spatial_sd_mean,mesh_vertices,delta_waic,delta_dic
poisson_spatial_month,poisson,TRUE,NA,423.388460024233,43.43536786255618,432.37922720356465,40.013480984876175,-234.70833979444976,0.6896551724137931,NA,NA,4038.7268242920154,0.8961427961681355,19120,0,0
nb_spatial_month,nbinomial,TRUE,NA,438.78617711480683,34.75232343029876,438.01996045116914,27.675744184814725,-234.69826431833886,0,NA,7.321148480475015,3937.0098766116816,0.8177752152325186,19120,5.640733247604487,15.397717090573849
zinb_spatial_month,zeroinflatednbinomial1,TRUE,NA,441.5155566770483,32.07660484317114,440.19921098297374,25.491100085560277,-236.32399514828222,0,0.03062789875396036,7.435451782496927,3994.7331225181956,0.7858968585338497,19120,7.819983779409085,18.12709665281534
