month,model_rows,source_deployments,cameras,events,effort_days,rate_per_100
2024-03,116,116,60,303,1783.4327083333333,16.989707466067603
