month,effort_days,weight,log_rate_ratio_to_prediction_month,mean_rate_ratio_to_prediction_month,annualization_factor,prediction_baseline_month
2024-03,272,0.06149672168211621,-1.0678600055260041,0.34374333972792553,1.0346400955320634,2024-08
2024-04,528,0.11937598914763735,-0.43113928368156845,0.6497684023364773,1.0346400955320634,2024-08
2024-05,818,0.184942346823423,-0.09327095570829436,0.9109466406613985,1.0346400955320634,2024-08
2024-06,778,0.17589871128193535,0.5225641727252902,1.6863461935013486,1.0346400955320634,2024-08
2024-07,740,0.16730725751752204,0.24822420216162003,1.2817472704905786,1.0346400955320634,2024-08
2024-08,823,0.18607280126610898,0,1,1.0346400955320634,2024-08
2024-09,464,0.10490617228125707,-0.4000512327265615,0.6702857045917224,1.0346400955320634,2024-08
