parameter,mean,sd,0.025quant,0.5quant,0.975quant,mode
size for the nbinomial observations (1/overdispersion),1.836150452945105,2.206968770258894,0.2676699426104794,1.1864980991034348,7.503051292745699,0.60080921066976
Range for spatial,584.1074165580054,387.23026735773374,150.07579417416048,486.4851192879973,1598.8891927635227,338.86062282716244
Stdev for spatial,0.8162323286708272,0.2738091583059008,0.3889455300403235,0.7793081159130314,1.4536605626040189,0.7119247497004463
