term,month,reference_month,prediction_month,mean_log_rate_ratio,q025_log_rate_ratio,q975_log_rate_ratio,mean_rate_ratio,q025_rate_ratio,q975_rate_ratio
month_2024_03,2024-03,2024-08,2024-08,-1.0718419698835975,-2.52360217357651,0.3822217959724272,0.3423772875914422,0.08017029866192729,1.4655370993142798
month_2024_04,2024-04,2024-08,2024-08,-0.42851901522121855,-1.5107153998002596,0.653426202233552,0.6514732025293375,0.22075199552231056,1.9221151152666265
month_2024_05,2024-05,2024-08,2024-08,-0.10120946089956172,-1.028754141573182,0.8258994850574009,0.9037437140877873,0.35745201788103953,2.2839342063618018
month_2024_06,2024-06,2024-08,2024-08,0.5164739020577985,-0.3005319573917571,1.3232223425939544,1.6761070998182952,0.7404242417525703,3.7555034191966254
month_2024_07,2024-07,2024-08,2024-08,0.2516876782822176,-0.6232337534442466,1.1229828253431187,1.2861942681442637,0.5362076675732821,3.0740097760324656
month_2024_09,2024-09,2024-08,2024-08,-0.4007097574158181,-1.4849758683481409,0.6827916983148263,0.6698444502107911,0.2265078066180501,1.9793959023183987
