lag,n_pairs,n_cameras,correlation,p_value,mean_days_between,median_days_between
1,303,53,-0.049755509995049796,0.3881133612874661,27.61056105610561,31
