model,family,spatial,note,dic,p_dic,waic,p_waic,marginal_loglik,cpo_failure_rate,zi_prob_mean,nb_size_mean,spatial_range_mean_m,spatial_sd_mean,mesh_vertices,delta_waic,delta_dic
nb_spatial_month,nbinomial,TRUE,NA,272.3772820601256,20.34641576341707,270.21573269272284,16.45729940168963,-142.9337310383324,0,NA,1.8366856649906202,584.0557268547003,0.816293771721962,6770,0,0.6783202692499799
zinb_spatial_month,zeroinflatednbinomial1,TRUE,NA,273.0415293191788,20.234757010643108,270.5049855565831,16.069070476191744,-143.8490119034441,0,0.09317532865769264,2.0968184873593136,588.3293885114629,0.8119037700104279,6770,0.2892528638602698,1.3425675283031637
poisson_spatial_month,poisson,TRUE,NA,271.6989617908756,25.205763850458965,274.02152487832177,23.998302787883567,-143.2528333036924,0.9943820224719101,NA,NA,518.3726715491257,0.911428298547339,6770,3.805792185598932,0
