model,family,spatial,note,dic,p_dic,waic,p_waic,marginal_loglik,cpo_failure_rate,zi_prob_mean,nb_size_mean,spatial_range_mean_m,spatial_sd_mean,mesh_vertices,mesh_cutoff_m,mesh_max_edge_inner_m,mesh_max_edge_outer_m,delta_waic
final_current_mesh,nbinomial,TRUE,current,272.376341200644,20.34747219952257,270.2144543284909,16.45775070108562,-142.93387827795527,0,NA,1.8362369368455407,584.1136993679535,0.8162348923767767,6770,75,150,900,0.7247686803958686
final_finer_mesh,nbinomial,TRUE,finer,271.86451212189775,20.430486818428847,269.65352936047697,16.47891609010107,-142.82146611045135,0,NA,1.9189982050600718,591.4874888633782,0.8130794161686844,4053,100,105,630,0.16384371238194717
final_coarser_mesh,nbinomial,TRUE,coarser,271.71449751876423,20.484052604775627,269.489685648095,16.499801988891722,-142.75642268440748,0,NA,1.9438414017489567,594.6729198699081,0.8126392538621773,3837,108.75,217.5,1305,0
