month,effort_days,weight,log_rate_ratio_to_prediction_month,mean_rate_ratio_to_prediction_month,annualization_factor,prediction_baseline_month
2024-03,272,0.06149672168211621,-1.06786237391645,0.343742525610448,1.0346399282164491,2024-08
2024-04,528,0.11937598914763735,-0.4311398938404917,0.6497680058746096,1.0346399282164491,2024-08
2024-05,818,0.184942346823423,-0.09327215859171664,0.9109455448994449,1.0346399282164491,2024-08
2024-06,778,0.17589871128193535,0.5225651983853781,1.6863479231202205,1.0346399282164491,2024-08
2024-07,740,0.16730725751752204,0.24822367449889807,1.2817465941605033,1.0346399282164491,2024-08
2024-08,823,0.18607280126610898,0,1,1.0346399282164491,2024-08
2024-09,464,0.10490617228125707,-0.40005206256826153,0.6702851483609247,1.0346399282164491,2024-08
