parameter,mean,sd,0.025quant,0.5quant,0.975quant,mode
size for the nbinomial observations (1/overdispersion),1.836265890772785,2.207294736445333,0.2676574572016414,1.1865190000487067,7.503911469471171,0.6007871085708842
Range for spatial,584.1171745327661,387.25255888447526,150.07778459474898,486.4857426022948,1598.9666064451453,338.8563806020977
Stdev for spatial,0.816231982661417,0.2738152010969393,0.3889435499044897,0.7793046040125601,1.4536819121354778,0.7119148871400642
