lag,n_pairs,n_cameras,correlation,p_value,mean_days_between,median_days_between
1,303,53,-0.04637151867932061,0.42123493166427084,27.61056105610561,31
