level,metric,value
model_row,mean_log_predictive_density,-0.40830413403529187
model_row,rmse_count,0.44323509999167526
model_row,rmse_rate_per100,4.041163632390753
model_row,coverage_90,0.9775280898876404
camera,rmse_count,1.346886365882282
camera,rmse_rate_per100,1.7326166304202457
camera,coverage_90,0.9245283018867925
