month,rows,cameras,observed_events,fitted_events,residual,pearson,lag1_acf,within_camera_lag1_r,within_camera_lag1_p,within_camera_lag1_pairs,within_camera_lag1_cameras
2024-03,27,27,0,1.3508803935604228,-1.3508803935604228,-1.1419890850584964,0.14366529480591586,-0.0463822540045615,0.4211273145463944,303,53
2024-04,53,35,3,3.924788281089529,-0.9247882810895289,-0.4546574235008667,NA,NA,NA,NA,NA
2024-05,58,27,7,8.250506156611461,-1.2505061566114613,-0.4082499165566024,NA,NA,NA,NA,NA
2024-06,61,49,14,14.572020217217922,-0.5720202172179221,-0.13643368538782524,NA,NA,NA,NA,NA
2024-07,52,26,10,11.001771480397279,-1.001771480397279,-0.2825661901452686,NA,NA,NA,NA,NA
2024-08,52,52,9,9.243382974861577,-0.24338297486157678,-0.07562197320022779,NA,NA,NA,NA,NA
2024-09,53,52,3,3.9043210402227992,-0.9043210402227992,-0.4435461360016178,NA,NA,NA,NA,NA
