mesh_variant,note,model,family,dic,p_dic,waic,p_waic,marginal_loglik,cpo_failure_rate,diagnostics_ok,ppc_total_pass,ppc_zero_pass,ppc_max_pass,moran_p,pearson_disp,pearson_disp_camera,ppc_pit_ks,nb_size_mean,spatial_range_mean_m,spatial_sd_mean,mesh_vertices,mesh_cutoff_m,mesh_max_edge_inner_m,mesh_max_edge_outer_m,mesh_offset_inner_m,mesh_offset_outer_m,delta_waic,delta_dic
current,current final mesh,nb_spatial_month,nbinomial,272.37769434179006,20.345567135272717,270.2163760853217,16.456863859201214,-142.93365190161344,0,TRUE,TRUE,TRUE,TRUE,0.672,0.5839310826609339,0.614157031912414,0.34269310507303874,1.8368678914306793,584.127832559529,0.8162802689269218,6770,75,150,900,1200,4000,0.7267311847963924,0.6631948877871991
finer,finer SPDE mesh,nb_spatial_month,nbinomial,272.48036648260603,20.102844375523944,270.4244775358511,16.350094096146293,-142.97678240014605,0,TRUE,TRUE,TRUE,TRUE,0.657,0.5885536693717596,0.6177210310598521,0.5777169854865829,1.7928956243423126,586.9498789413708,0.819989779953188,12009,52.5,105,630,960,3200,0.9348326353257903,0.7658670286031679
coarser,coarser SPDE mesh,nb_spatial_month,nbinomial,271.71449945400286,20.48422175224772,269.4896449005253,16.49990603256387,-142.75642010206568,0,TRUE,TRUE,TRUE,TRUE,0.61,0.5777965935684748,0.602021449600571,0.7126435933761159,1.9439199329018355,594.6692940158449,0.8126410296308025,3837,108.75,217.5,1305,1440,4800,0,0
