lag,n_pairs,n_cameras,correlation,p_value,mean_days_between,median_days_between
1,303,53,-0.049755355223000126,0.3881148391100744,27.61056105610561,31
