mesh_variant,note,model,family,dic,p_dic,waic,p_waic,marginal_loglik,cpo_failure_rate,diagnostics_ok,ppc_total_pass,ppc_zero_pass,ppc_max_pass,moran_p,pearson_disp,pearson_disp_camera,ppc_pit_ks,nb_size_mean,spatial_range_mean_m,spatial_sd_mean,mesh_vertices,mesh_cutoff_m,mesh_max_edge_inner_m,mesh_max_edge_outer_m,mesh_offset_inner_m,mesh_offset_outer_m,delta_waic,delta_dic
current,current final mesh,nb_spatial_month,nbinomial,272.37615938575254,20.347880842665262,270.21421053055695,16.458028821009915,-142.93387886798135,0,TRUE,TRUE,TRUE,TRUE,0.678,0.5838363740347619,0.6140185814698089,0.36479655240282394,1.8362814818987359,584.0994065449943,0.8162384001487533,6770,75,150,900,1200,4000,0.7240121517151579,0.6613701301941433
finer,finer SPDE mesh,nb_spatial_month,nbinomial,272.4774243527023,20.096810715496133,270.422542971887,16.345360826160153,-142.97783829280772,0,TRUE,TRUE,TRUE,TRUE,0.646,0.5882477688656789,0.6174181780755699,0.5946061111835848,1.7822128342729955,586.9064891723949,0.8197896667228892,12009,52.5,105,630,960,3200,0.9323445930452294,0.7626350971439138
coarser,coarser SPDE mesh,nb_spatial_month,nbinomial,271.7147892555584,20.483366454063514,269.4901983788418,16.499445317372256,-142.75639517401314,0,TRUE,TRUE,TRUE,TRUE,0.61,0.5778027788500467,0.6020396235178314,0.8656687100429312,1.9435202237497686,594.67000863542,0.8126445079291964,3837,108.75,217.5,1305,1440,4800,0,0
