level,metric,value
model_row,mean_log_predictive_density,-0.4066803488833897
model_row,rmse_count,0.4432786709102112
model_row,rmse_rate_per100,4.035312887266417
model_row,coverage_90,0.9775280898876404
camera,rmse_count,1.353992763386085
camera,rmse_rate_per100,1.7391438141651139
camera,coverage_90,0.9245283018867925
