mesh_variant,note,model,family,dic,p_dic,waic,p_waic,marginal_loglik,cpo_failure_rate,diagnostics_ok,ppc_total_pass,ppc_zero_pass,ppc_max_pass,moran_p,pearson_disp,pearson_disp_camera,ppc_pit_ks,nb_size_mean,spatial_range_mean_m,spatial_sd_mean,mesh_vertices,mesh_cutoff_m,mesh_max_edge_inner_m,mesh_max_edge_outer_m,mesh_offset_inner_m,mesh_offset_outer_m,delta_waic,delta_dic
current,current final mesh,nb_spatial_month,nbinomial,271.6209120963575,20.329480688280512,269.4516242125094,16.41614999515726,-142.6825360093564,0,TRUE,TRUE,TRUE,TRUE,0.557,0.5763961352192075,0.6033383112478949,0.5518502123024733,1.909472617072166,617.9886194985206,0.8194814668841626,2493,150,300,1500,1800,6000,0.042995607842613026,0.036968149898825686
finer,finer SPDE mesh,nb_spatial_month,nbinomial,271.71548889461474,20.58435656137715,269.4086286046668,16.50738706209524,-142.74532686854124,0,TRUE,TRUE,TRUE,TRUE,0.594,0.5711367999426493,0.5928380764325935,0.4716144162492546,1.9167106567070804,594.678845540698,0.8153191918464585,4221,105,210,1050,1440,4800,0,0.1315449481560904
coarser,coarser SPDE mesh,nb_spatial_month,nbinomial,271.58394394645865,19.58311250204295,269.54681354477566,15.892702356306847,-142.6619793582715,0,TRUE,TRUE,TRUE,TRUE,0.402,0.5846306596793315,0.6190118352403089,0.1868354550301454,1.8405076005302032,592.6210946799023,0.8798397812859485,1470,217.5,435,2175,2160,7200,0.1381849401088857,0
