term,month,reference_month,prediction_month,mean_log_rate_ratio,q025_log_rate_ratio,q975_log_rate_ratio,mean_rate_ratio,q025_rate_ratio,q975_rate_ratio
month_2024_03,2024-03,2024-08,2024-08,-1.0678610382113392,-2.521322798040371,0.3880607573332,0.3437429847494029,0.08035324530226134,1.4741193451276036
month_2024_04,2024-04,2024-08,2024-08,-0.43113970538843704,-1.5155714373177562,0.6530651437961971,0.6497681283247368,0.21968261412950565,1.921421244658149
month_2024_05,2024-05,2024-08,2024-08,-0.09327193702845243,-1.0230329830675242,0.8364600785732673,0.9109457467315357,0.35950291870373546,2.308181715825615
month_2024_06,2024-06,2024-08,2024-08,0.5225645853292783,-0.2967454982330152,1.3323228781630048,1.686346889294657,0.7432331424419824,3.789836499397068
month_2024_07,2024-07,2024-08,2024-08,0.24822399588142624,-0.6297743103832001,1.123027860875688,1.2817470060915304,0.5327120150113932,3.0741482188172515
month_2024_09,2024-09,2024-08,2024-08,-0.4000514235829026,-1.4862632349751181,0.6857294073596738,0.6702855766634577,0.22621639564368834,1.9852193411603647
