month,effort_days,weight,log_rate_ratio_to_prediction_month,mean_rate_ratio_to_prediction_month,annualization_factor,prediction_baseline_month
2024-03,272,0.06149672168211621,-1.0678585004051058,0.3437438571035992,1.0346477073371667,2024-08
2024-04,528,0.11937598914763735,-0.4311326559125778,0.6497727088656168,1.0346477073371667,2024-08
2024-05,818,0.184942346823423,-0.09326304240410635,0.9109538492877871,1.0346477073371667,2024-08
2024-06,778,0.17589871128193535,0.5225744582827772,1.6863635386012665,1.0346477073371667,2024-08
2024-07,740,0.16730725751752204,0.24823380056789796,1.2817595732806697,1.0346477073371667,2024-08
2024-08,823,0.18607280126610898,0,1,1.0346477073371667,2024-08
2024-09,464,0.10490617228125707,-0.4000423674275848,0.6702916469012337,1.0346477073371667,2024-08
