term,month,reference_month,prediction_month,mean_log_rate_ratio,q025_log_rate_ratio,q975_log_rate_ratio,mean_rate_ratio,q025_rate_ratio,q975_rate_ratio
month_2024_03,2024-03,2024-08,2024-08,-1.0678616140184423,-2.5213224553617017,0.3880599411984249,0.34374278681980763,0.08035327283760925,1.4741181420480345
month_2024_04,2024-04,2024-08,2024-08,-0.4311315630066814,-1.5155634897732742,0.6530737652121241,0.6497734190064297,0.21968436007379136,1.9214378101012788
month_2024_05,2024-05,2024-08,2024-08,-0.09325851778726398,-1.0230174185264649,0.8364723117342888,0.9109579710142408,0.3595085142452205,2.3082099523569224
month_2024_06,2024-06,2024-08,2024-08,0.5225699650487694,-0.29674080695072524,1.3323285611592097,1.6863559613922885,0.7432366291666395,3.7898580370847106
month_2024_07,2024-07,2024-08,2024-08,0.24822790582887708,-0.6297684579756291,1.1230307974051714,1.281752017664767,0.5327151326683459,3.074157246157387
month_2024_09,2024-09,2024-08,2024-08,-0.40004724839773037,-1.4862588755103168,0.685733955129705,0.6702883752357007,0.22621738182825227,1.9852283695019193
