term,month,reference_month,prediction_month,mean_log_rate_ratio,q025_log_rate_ratio,q975_log_rate_ratio,mean_rate_ratio,q025_rate_ratio,q975_rate_ratio
month_2024_03,2024-03,2024-08,2024-08,-1.0678598443426623,-2.5213220878783873,0.38806254224429804,0.3437433951336302,0.0803533023661017,1.4741219763019309
month_2024_04,2024-04,2024-08,2024-08,-0.431139355577723,-1.515571394953199,0.6530658392613962,0.6497683556206295,0.21968262343626252,1.921422580940222
month_2024_05,2024-05,2024-08,2024-08,-0.0932715273423545,-1.0230330957472222,0.8364611039245018,0.9109461199334206,0.35950287819505744,2.3081840825238
month_2024_06,2024-06,2024-08,2024-08,0.5225650860981504,-0.2967458702022523,1.3323241124936565,1.686347733764898,0.7432328659821688,3.789841177311311
month_2024_07,2024-07,2024-08,2024-08,0.2482250873570549,-0.629773745827803,1.1230295060649784,1.281748405087913,0.5327123157569214,3.0741532763771384
month_2024_09,2024-09,2024-08,2024-08,-0.4000504918221406,-1.4862628030574028,0.6857308739035652,0.6702862012095483,0.22621649335057822,1.9852222525737975
