month,effort_days,weight,log_rate_ratio_to_prediction_month,mean_rate_ratio_to_prediction_month,annualization_factor,prediction_baseline_month
2024-03,272,0.06149672168211621,-1.071833802499755,0.3423800839295883,1.032319032920841,2024-08
2024-04,528,0.11937598914763735,-0.4285204044183072,0.6514722975052899,1.032319032920841,2024-08
2024-05,818,0.184942346823423,-0.10120998828737646,0.9037432374644906,1.032319032920841,2024-08
2024-06,778,0.17589871128193535,0.516460446178751,1.676084546475627,1.032319032920841,2024-08
2024-07,740,0.16730725751752204,0.2516835476181587,1.2861889553188002,1.032319032920841,2024-08
2024-08,823,0.18607280126610898,0,1,1.032319032920841,2024-08
2024-09,464,0.10490617228125707,-0.40071320180244585,0.6698421430114976,1.032319032920841,2024-08
