model,family,spatial,note,dic,p_dic,waic,p_waic,marginal_loglik,cpo_failure_rate,zi_prob_mean,nb_size_mean,spatial_range_mean_m,spatial_sd_mean,mesh_vertices,mesh_cutoff_m,mesh_max_edge_inner_m,mesh_max_edge_outer_m,delta_waic
final_current_mesh,nbinomial,TRUE,current,2037.1615960951924,60.03621068067264,2037.4040541040579,51.393920736423034,-1095.0172623710214,0,NA,6.5057169297716175,1203.8874598027028,1.0584701201472837,33512,150,300,3000,0.09834649919434924
final_finer_mesh,nbinomial,TRUE,finer,2037.112943482477,60.10502785588733,2037.3057076048635,51.414780867923476,-1094.9488151343953,0,NA,6.50207198727018,1168.867681436863,1.0768837238409796,61752,105,210,2100,0
final_coarser_mesh,nbinomial,TRUE,coarser,2037.2604315350522,60.12491455659574,2037.475490333211,51.44456386220396,-1095.1870145960413,0,NA,6.504308845598507,1241.5672002818226,1.0447174038132294,17594,217.5,435,4350,0.16978272834739982
