parameter,mean,sd,0.025quant,0.5quant,0.975quant,mode
size for the nbinomial observations (1/overdispersion),6.5057169297716175,0.9224699872299662,4.887464863539065,6.438450094276108,8.512053279880528,6.300942681670893
Range for spatial,1203.8874598027028,609.5762306383756,327.90749505462276,1095.4673125718716,2642.7860910340314,850.2187756719245
Stdev for spatial,1.0584701201472837,0.10749904858430864,0.8623257790909032,1.0531662762004155,1.2851413419480406,1.0428744281884141
