term,month,reference_month,prediction_month,mean_log_rate_ratio,q025_log_rate_ratio,q975_log_rate_ratio,mean_rate_ratio,q025_rate_ratio,q975_rate_ratio
month_2024_09,2024-09,2024-08,2024-08,-0.27981898094744684,-0.40392811433160647,-0.15611654279549522,0.7559205650960081,0.6676921170379186,0.8554594869212332
month_2024_10,2024-10,2024-08,2024-08,-0.053042610361763644,-0.254143133773574,0.1494897720081291,0.9483396025278245,0.775580782297246,1.1612415935816782
