month,model_rows,source_deployments,cameras,events,effort_days,rate_per_100
2024-03,116,116,60,2805,1783.4327083333333,157.2809552551803
