parameter,mean,sd,0.025quant,0.5quant,0.975quant,mode
size for the nbinomial observations (1/overdispersion),1.7324602096531339,0.3629270804111884,1.135489294026249,1.6930333092251868,2.5579784764710882,1.613471496360059
Range for spatial,3071.510572300708,1074.7044343258367,1390.4057977582645,2927.611241095249,5561.345077286323,2661.8891377050336
Stdev for spatial,1.161691249014514,0.16532915003600115,0.8685538564993005,1.1506948552589311,1.5181068927838086,1.1300678689652688
