model,family,spatial,note,dic,p_dic,waic,p_waic,marginal_loglik,cpo_failure_rate,zi_prob_mean,nb_size_mean,spatial_range_mean_m,spatial_sd_mean,mesh_vertices,mesh_cutoff_m,mesh_max_edge_inner_m,mesh_max_edge_outer_m,delta_waic
final_current_mesh,nbinomial,TRUE,current,1166.742846660593,50.91284548413728,1162.9714906855918,41.35711134781296,-619.6000023389712,0,NA,1.7324597515645574,3071.513942408194,1.1616916281066152,7200,350,700,5000,0
final_finer_mesh,nbinomial,TRUE,finer,1166.868725972935,50.92034135539734,1163.0749489743835,41.34448774646505,-619.5745608630663,0,NA,1.7326238031786325,3028.4716935547817,1.178585863589501,12974,244.99999999999997,489.99999999999994,3500,0.1034582887916713
final_coarser_mesh,nbinomial,TRUE,coarser,1166.8690243826888,50.83557551337731,1163.0915483134122,41.29156641011101,-619.4588628511133,0,NA,1.7319462482868213,3145.4715204825184,1.13312354423963,3911,507.5,1015,7250,0.12005762782041529
