level,metric,value
model_row,mean_log_predictive_density,-1.3783597150984837
model_row,rmse_count,2.856863228961163
model_row,rmse_rate_per100,36.38126354461525
model_row,coverage_90,0.9591836734693877
camera,rmse_count,14.412145158010155
camera,rmse_rate_per100,16.00308404850874
camera,coverage_90,0.9333333333333333
