term,month,reference_month,prediction_month,mean_log_rate_ratio,q025_log_rate_ratio,q975_log_rate_ratio,mean_rate_ratio,q025_rate_ratio,q975_rate_ratio
month_2023_07,2023-07,2023-08,2023-08,-0.03173693416184446,-0.3530794685798261,0.28817534837495373,0.9687613965899983,0.702521362783884,1.3339911968049967
month_2023_09,2023-09,2023-08,2023-08,0.31576534200603035,0.003664031499938103,0.6276955774475472,1.3713084293828166,1.0036707522692176,1.8732887526706365
month_2023_10,2023-10,2023-08,2023-08,0.0749790654272985,-0.5375176031799835,0.6886392813546541,1.0778615860767042,0.5841966618022387,1.9910044922438044
