month,effort_days,weight,log_rate_ratio_to_prediction_month,mean_rate_ratio_to_prediction_month,annualization_factor,prediction_baseline_month
2023-07,1544.2967592592593,0.2957179219000371,-0.0317369404828752,0.9687613904664277,1.1169946296718982,2023-08
2023-08,1780.0350810185184,0.34085953487362686,0,1,1.1169946296718982,2023-08
2023-09,1742.8704282407407,0.3337428626267379,0.31576534505454523,1.3713084335632708,1.1169946296718982,2023-08
2023-10,154.99309027777778,0.02967968059959812,0.07497905997639152,1.077861580201381,1.1169946296718982,2023-08
