term,month,reference_month,prediction_month,mean_log_rate_ratio,q025_log_rate_ratio,q975_log_rate_ratio,mean_rate_ratio,q025_rate_ratio,q975_rate_ratio
month_2023_07,2023-07,2023-08,2023-08,-0.03193198331402676,-0.35328094347085665,0.2879857407754876,0.9685724589275909,0.7023798366263327,1.3337382859141327
month_2023_09,2023-09,2023-08,2023-08,0.31585732965388064,0.0037654248905241716,0.6277865897553836,1.3714345786217097,1.0037725230091752,1.8734592527619467
month_2023_10,2023-10,2023-08,2023-08,0.07499713034028513,-0.5376235879415366,0.6887954212580382,1.0778810577283446,0.5841347491392949,1.9913153917641393
