parameter,mean,sd,0.025quant,0.5quant,0.975quant,mode
size for the nbinomial observations (1/overdispersion),1.7326094686895726,0.3630279624523818,1.1355365871228562,1.6931509430252314,2.558419267835506,1.6135107541904619
Range for spatial,2965.347008758972,1045.5117136556148,1336.8569822533625,2823.2589243623956,5394.181183289674,2560.6435767365106
Stdev for spatial,1.1835877399283523,0.16553804828815968,0.8904994871282471,1.1724300787033741,1.54093760364237,1.1508683380948521
