model,family,spatial,note,dic,p_dic,waic,p_waic,marginal_loglik,cpo_failure_rate,zi_prob_mean,nb_size_mean,spatial_range_mean_m,spatial_sd_mean,mesh_vertices,mesh_cutoff_m,mesh_max_edge_inner_m,mesh_max_edge_outer_m,delta_waic
final_current_mesh,nbinomial,TRUE,current,1166.6999425016018,50.90013840661368,1162.9025312589313,41.32308007010342,-619.4919501419394,0,NA,1.7326088476939623,2965.3507628210773,1.183588544289769,19113,200,400,3000,0.09169225457731045
final_finer_mesh,nbinomial,TRUE,finer,1166.8270243335437,50.88173853625403,1163.0526015628034,41.32747576764512,-619.605035738987,0,NA,1.7311445620857586,2979.254823365813,1.1944253363727442,35331,140,280,2100,0.24176255844940897
final_coarser_mesh,nbinomial,TRUE,coarser,1166.5677403432073,50.86024043732323,1162.810839004354,41.32181651412653,-619.5857879436533,0,NA,1.7316751508436552,3033.726324058566,1.1707609570837143,10030,290,580,4350,0
