term,month,reference_month,prediction_month,mean_log_rate_ratio,q025_log_rate_ratio,q975_log_rate_ratio,mean_rate_ratio,q025_rate_ratio,q975_rate_ratio
month_2023_07,2023-07,2023-08,2023-08,-0.03173681874105986,-0.353079138713993,0.288175236748832,0.9687615084052053,0.7025215945217168,1.3339910478967414
month_2023_09,2023-09,2023-08,2023-08,0.31576536402675753,0.0036642888140780983,0.6276953628592907,1.3713084595800258,1.0036710105279272,1.8732883506849123
month_2023_10,2023-10,2023-08,2023-08,0.07497887332903798,-0.5375176007467871,0.6886389054214224,1.0778613790213882,0.584196663223704,1.9910037437591916
