model,family,spatial,note,dic,p_dic,waic,p_waic,marginal_loglik,cpo_failure_rate,zi_prob_mean,nb_size_mean,spatial_range_mean_m,spatial_sd_mean,mesh_vertices,mesh_cutoff_m,mesh_max_edge_inner_m,mesh_max_edge_outer_m,delta_waic
final_current_mesh,nbinomial,TRUE,current,1166.7428276594935,50.91278049012453,1162.9714905682958,41.3570699126261,-619.6000020312383,0,NA,1.7324607466014115,3071.51121521101,1.1616914130089677,7200,350,700,5000,0
final_finer_mesh,nbinomial,TRUE,finer,1166.8687360823433,50.920306589274105,1163.0749711801627,41.344467596915564,-619.5745597880494,0,NA,1.7326251266543897,3028.471165640428,1.1785853445086776,12974,244.99999999999997,489.99999999999994,3500,0.10348061186687119
final_coarser_mesh,nbinomial,TRUE,coarser,1166.8689510980985,50.83549837731516,1163.0914961232977,41.29151740374475,-619.4588740841576,0,NA,1.7319458624481845,3145.4807724456914,1.1331255503190731,3911,507.5,1015,7250,0.12000555500185328
