model,family,spatial,note,dic,p_dic,waic,p_waic,marginal_loglik,cpo_failure_rate,zi_prob_mean,nb_size_mean,spatial_range_mean_m,spatial_sd_mean,mesh_vertices,delta_waic,delta_dic
zinb_spatial_month,zeroinflatednbinomial1,TRUE,NA,1166.7173518978557,51.139243917700696,1162.653721675226,41.286326705978034,-620.9205473806758,0,0.03178346632241702,1.920981505360195,2947.58938355144,1.1811643832730925,19113,0,0.017362283706461312
nb_spatial_month,nbinomial,TRUE,NA,1166.6999896141492,50.900247203237086,1162.9025472050794,41.323148735062276,-619.4919478851955,0,NA,1.7326076769596632,2965.348507339533,1.1835888925252966,19113,0.2488255298533204,0
poisson_spatial_month,poisson,TRUE,NA,1256.6215032382147,55.64176073152794,1303.0591411935675,87.95390627047351,-674.773524607803,0.3448979591836735,NA,NA,2798.6477128855113,1.2097211118815447,19113,140.40541951834143,89.92151362406548
