parameter,mean,sd,0.025quant,0.5quant,0.975quant,mode
size for the nbinomial observations (1/overdispersion),1.7324606798878568,0.3629261934762653,1.1354968895490805,1.6930320354751256,2.557982725877102,1.6134643429971538
Range for spatial,3071.512052764868,1074.6914583971773,1390.4145230186577,2927.618384804743,5561.303735882161,2661.9070732104165
Stdev for spatial,1.161691618157556,0.16532918147788267,0.8685532156066166,1.1506955457587535,1.518106358810762,1.1300697747798942
