month,effort_days,weight,log_rate_ratio_to_prediction_month,mean_rate_ratio_to_prediction_month,annualization_factor,prediction_baseline_month
2023-07,1544.2967592592593,0.2957179219000371,-0.03193207857718399,0.9685723666583249,1.116981405039146,2023-08
2023-08,1780.0350810185184,0.34085953487362686,0,1,1.116981405039146,2023-08
2023-09,1742.8704282407407,0.3337428626267379,0.31585730792570965,1.371434548822945,1.116981405039146,2023-08
2023-10,154.99309027777778,0.02967968059959812,0.07499728477059067,1.0778812241858586,1.116981405039146,2023-08
