month,effort_days,weight,log_rate_ratio_to_prediction_month,mean_rate_ratio_to_prediction_month,annualization_factor,prediction_baseline_month
2023-07,1544.2967592592593,0.2957179219000371,-0.031736953152537904,0.9687613781925478,1.1169946249712122,2023-08
2023-08,1780.0350810185184,0.34085953487362686,0,1,1.1169946249712122,2023-08
2023-09,1742.8704282407407,0.3337428626267379,0.31576534242279164,1.3713084299543248,1.1169946249712122,2023-08
2023-10,154.99309027777778,0.02967968059959812,0.07497906414574633,1.0778615846953683,1.1169946249712122,2023-08
