parameter,mean,sd,0.025quant,0.5quant,0.975quant,mode
size for the nbinomial observations (1/overdispersion),1.7326076769596632,0.36302705982749817,1.1355276103542964,1.6931520617734224,2.5584066394752067,1.6135210536210467
Range for spatial,2965.348507339533,1045.5015362092272,1336.8644362250513,2823.264783447604,5394.1495228608355,2560.657749850781
Stdev for spatial,1.1835888925252966,0.1655381837687988,0.8905008845009394,1.1724310565198477,1.5409395434146738,1.1508686749995156
