model,family,spatial,note,dic,p_dic,waic,p_waic,marginal_loglik,cpo_failure_rate,zi_prob_mean,nb_size_mean,spatial_range_mean_m,spatial_sd_mean,mesh_vertices,mesh_cutoff_m,mesh_max_edge_inner_m,mesh_max_edge_outer_m,delta_waic
final_current_mesh,nbinomial,TRUE,current,1166.6999896141492,50.900247203237086,1162.9025472050794,41.323148735062276,-619.4919478851955,0,NA,1.7326076769596632,2965.348507339533,1.1835888925252966,19113,200,400,3000,0.0917051180249473
final_finer_mesh,nbinomial,TRUE,finer,1166.8270295177333,50.881776024931014,1163.0525965650086,41.32750025604948,-619.6050369011454,0,NA,1.731142697277482,2979.259608418248,1.1944261586625362,35331,140,280,2100,0.24175447795414584
final_coarser_mesh,nbinomial,TRUE,coarser,1166.567737969885,50.86022665193991,1162.8108420870544,41.32180933133065,-619.5857899325158,0,NA,1.7316752658236954,3033.7268607102683,1.1707613306814655,10030,290,580,4350,0
