model,family,spatial,note,dic,p_dic,waic,p_waic,marginal_loglik,cpo_failure_rate,zi_prob_mean,nb_size_mean,spatial_range_mean_m,spatial_sd_mean,mesh_vertices,delta_waic,delta_dic
zinb_spatial_month,zeroinflatednbinomial1,TRUE,NA,1166.671465010575,51.13490499513978,1162.721186563362,41.38110612132268,-621.0083682250385,0,0.03216557334124912,1.913530478071488,3052.439256062398,1.159150190796815,7200,0,0
nb_spatial_month,nbinomial,TRUE,NA,1166.74281334026,50.91276119343979,1162.971482217154,41.35705709917602,-619.6000024453307,0,NA,1.7324611537159187,3071.5112586392493,1.1616917296886222,7200,0.25029565379213636,0.07134832968495175
poisson_spatial_month,poisson,TRUE,NA,1256.6789572871883,55.64816773096436,1303.1582768073595,87.99525718300632,-674.8651335985776,0.3469387755102041,NA,NA,2913.402497666346,1.1858615197653406,7200,140.43709024399755,90.00749227661322
