term,month,reference_month,prediction_month,mean_log_rate_ratio,q025_log_rate_ratio,q975_log_rate_ratio,mean_rate_ratio,q025_rate_ratio,q975_rate_ratio
month_2023_07,2023-07,2023-08,2023-08,-0.03193210473723668,-0.3532813696832755,0.2879859244821275,0.968572341320421,0.7023795372633874,1.3337385309307344
month_2023_09,2023-09,2023-08,2023-08,0.3158573240567629,0.003765092615015231,0.6277869096111621,1.3714345709456288,1.0037721894802047,1.8734598519988104
month_2023_10,2023-10,2023-08,2023-08,0.07499736927332604,-0.5376236103008499,0.6887959196286924,1.0778813152697742,0.5841347360784431,1.9913163841775412
