month,effort_days,weight,mean_rate_ratio_to_prediction_month,annualization_factor,prediction_baseline_month
2024-03,272,0.06149672168211621,0.30558621907179156,0.801318619881969,2024-06
2024-04,528,0.11937598914763735,0.5428121890000575,0.801318619881969,2024-06
2024-05,818,0.184942346823423,0.7311699970253233,0.801318619881969,2024-06
2024-06,778,0.17589871128193535,1,0.801318619881969,2024-06
2024-07,740,0.16730725751752204,1.0299683116423508,0.801318619881969,2024-06
2024-08,823,0.18607280126610898,0.9446553966446022,0.801318619881969,2024-06
2024-09,464,0.10490617228125707,0.557721915383253,0.801318619881969,2024-06
