month,effort_days,weight,mean_rate_ratio_to_prediction_month,annualization_factor,prediction_baseline_month
2024-08,1585.5471064814817,0.4436309777602816,0.7445905670030033,0.8941908283700553,2024-09
2024-09,1720.3260069444443,0.48134168036219016,1,0.8941908283700553,2024-09
2024-10,268.14940972222223,0.07502734187752826,1.0999417635233846,0.8941908283700553,2024-09
