month,effort_days,weight,log_rate_ratio_to_prediction_month,mean_rate_ratio_to_prediction_month,annualization_factor,prediction_baseline_month
2024-08,1585.5471064814815,0.44363097776028154,0,1,1.1949932919900133,2024-08
2024-09,1720.3260069444445,0.4813416803621902,0.28877870126500604,1.3347963071072833,1.1949932919900133,2024-08
2024-10,268.14940972222223,0.07502734187752826,0.3722947107320429,1.4510605614041303,1.1949932919900133,2024-08
