parameter,mean,sd,0.025quant,0.5quant,0.975quant,mode
size for nbinomial_1 zero-inflated observations,3.2882346134384846,1.3597882863855277,1.2984369382199545,3.0637387127540525,6.556740412828399,2.6457759950073276
zero-probability parameter for zero-inflated nbinomial_1,0.06306175406880146,0.04492901883951009,0.008310126128541297,0.05185573899353887,0.1761472294911858,0.02554099850218131
Range for spatial,4140.529624712458,1475.3780540771559,1931.1711505781993,3913.685945934674,7660.2020402005,3496.337373211852
Stdev for spatial,0.9362566889660968,0.1467090385137795,0.6792800544345534,0.9254573969354317,1.2554099033578998,0.9050554904635435
