model,family,spatial,note,dic,p_dic,waic,p_waic,marginal_loglik,cpo_failure_rate,zi_prob_mean,nb_size_mean,spatial_range_mean_m,spatial_sd_mean,mesh_vertices,delta_waic,delta_dic
zinb_spatial_month,zeroinflatednbinomial1,TRUE,NA,933.772502441255,45.718351076520094,933.6415480931396,38.944112376641016,-496.4969719618039,0,0.06290893580995625,3.2962777650254838,4174.683751890045,0.9605392350071136,19099,0,0
nb_spatial_month,nbinomial,TRUE,NA,938.9963409605656,44.68795779027289,937.3072146756751,36.92351255898859,-496.04445720824094,0,NA,2.2235646682476484,4212.211947775601,0.954470293289304,19099,3.6656665825355503,5.223838519310561
poisson_spatial_month,poisson,TRUE,NA,968.598954110086,50.69357626497549,997.3000046032998,67.6300282109797,-518.7706981117744,0.3488372093023256,NA,NA,4197.3111650768105,0.9791481068124387,19099,63.65845651016025,34.82645166883094
