model,family,spatial,note,dic,p_dic,waic,p_waic,marginal_loglik,cpo_failure_rate,zi_prob_mean,nb_size_mean,spatial_range_mean_m,spatial_sd_mean,mesh_vertices,mesh_cutoff_m,mesh_max_edge_inner_m,mesh_max_edge_outer_m,delta_waic
final_current_mesh,zeroinflatednbinomial1,TRUE,current,933.7737241437496,45.72232245245982,933.6412055124592,38.94619925285453,-496.4972584880858,0,0.06291429714976268,3.297017954582927,4174.717915435124,0.9605622856262945,19099,200,400,3000,0.32048757504173864
final_finer_mesh,zeroinflatednbinomial1,TRUE,finer,933.460731410996,45.64273575094899,933.3207179374175,38.87258780885492,-496.3378631721473,0,0.06303115068105021,3.3007075755690245,4070.7975921974253,0.9590985066160101,35378,140,280,2100,0
final_coarser_mesh,zeroinflatednbinomial1,TRUE,coarser,933.7312573595214,45.66216919415888,933.5766395989436,38.87323333621941,-496.3050073497715,0,0.06294906958889324,3.2896588482852462,4065.090329310877,0.9389224957313637,10022,290,580,4350,0.2559216615261448
