level,metric,value
model_row,mean_log_predictive_density,-1.5265329602366233
model_row,rmse_count,2.4125155178878948
model_row,rmse_rate_per100,50.97491181353272
model_row,coverage_90,0.9651162790697675
camera,rmse_count,9.679620953609472
camera,rmse_rate_per100,16.375426459245176
camera,coverage_90,0.9333333333333333
