model,family,spatial,note,dic,p_dic,waic,p_waic,marginal_loglik,cpo_failure_rate,zi_prob_mean,nb_size_mean,spatial_range_mean_m,spatial_sd_mean,mesh_vertices,mesh_cutoff_m,mesh_max_edge_inner_m,mesh_max_edge_outer_m,delta_waic
final_current_mesh,zeroinflatednbinomial1,TRUE,current,933.773027889709,45.71935293178501,933.6416400952739,38.94461565034947,-496.4970702430719,0,0.06291090315909247,3.296492759172597,4174.726856535752,0.9605428952301934,19099,200,400,3000,0.31683242152587354
final_finer_mesh,zeroinflatednbinomial1,TRUE,finer,933.4997005352902,45.6665058258061,933.3248076737481,38.86290969006263,-496.3360591204162,0,0.06298801810028212,3.2963819589089693,4071.3460389219567,0.9590515081228321,35378,140,280,2100,0
final_coarser_mesh,zeroinflatednbinomial1,TRUE,coarser,933.7289765688841,45.66119104862457,933.5759409665245,38.873614412429376,-496.3048148022519,0,0.06294638968349578,3.2892998784814167,4065.0286245627863,0.9389307571272848,10022,290,580,4350,0.25113329277644425
