term,month,reference_month,prediction_month,mean_log_rate_ratio,q025_log_rate_ratio,q975_log_rate_ratio,mean_rate_ratio,q025_rate_ratio,q975_rate_ratio
month_2024_09,2024-09,2024-08,2024-08,0.2891840641118335,0.024346771315935267,0.5524930292404338,1.335337493619309,1.024645573984808,1.7375794590533946
month_2024_10,2024-10,2024-08,2024-08,0.37278188412578095,-0.06998619832169056,0.822912237284734,1.45176765172616,0.9324066885943129,2.2771217093651965
