parameter,mean,sd,0.025quant,0.5quant,0.975quant,mode
size for nbinomial_1 zero-inflated observations,3.2967868898906088,1.3743189116017172,1.2871395434751107,3.0693366745232487,6.599661712308131,2.6446886013000492
zero-probability parameter for zero-inflated nbinomial_1,0.06291361100210971,0.04499131399249929,0.008224868513479179,0.05164892970903941,0.17627184680425761,0.02527272707597953
Range for spatial,4174.717489822184,1443.8207545783762,2006.7848448675923,3954.4094518282523,7617.908183671206,3548.776743487779
Stdev for spatial,0.9605498469159266,0.14714037281497133,0.7030240258175304,0.9496414075330863,1.2809331606134808,0.9284717621398758
