term,month,reference_month,prediction_month,mean_log_rate_ratio,q025_log_rate_ratio,q975_log_rate_ratio,mean_rate_ratio,q025_rate_ratio,q975_rate_ratio
month_2024_09,2024-09,2024-08,2024-08,0.28878028156460106,0.023757467610080518,0.55229424766432,1.3347984164870135,1.024041924434799,1.7372340945970837
month_2024_10,2024-10,2024-08,2024-08,0.3722817558717669,-0.07074714138463534,0.8225601381580467,1.4510417632390693,0.9316974500720732,2.276320077935113
