level,stat,observed,sim_median,sim_q025,sim_q975,pass,method
model_row,total_events,479,499,403,617.0499999999997,TRUE,joint_posterior
model_row,zero_fraction,0.5232558139534884,0.5058139534883721,0.44476744186046513,0.5697674418604651,TRUE,joint_posterior
model_row,max_count,18,29,14,71.52499999999986,TRUE,joint_posterior
camera,total_events,479,499,403,617.0499999999997,TRUE,joint_posterior
camera,zero_fraction,0.05,0.06666666666666667,0.016666666666666666,0.13333333333333333,TRUE,joint_posterior
camera,max_count,56,63,31,133.52499999999986,TRUE,joint_posterior
