term,month,reference_month,prediction_month,mean_log_rate_ratio,q025_log_rate_ratio,q975_log_rate_ratio,mean_rate_ratio,q025_rate_ratio,q975_rate_ratio
month_2024_09,2024-09,2024-08,2024-08,0.2891842603944975,0.024347948903397143,0.5524922219921907,1.3353377557229353,1.024646780595299,1.7375780563959953
month_2024_10,2024-10,2024-08,2024-08,0.3727800818960265,-0.0699867732244624,0.822909225063353,1.4517650353096592,0.9324061525512771,2.277114850180827
