model,family,spatial,note,dic,p_dic,waic,p_waic,marginal_loglik,cpo_failure_rate,zi_prob_mean,nb_size_mean,spatial_range_mean_m,spatial_sd_mean,mesh_vertices,delta_waic,delta_dic
zinb_spatial_month,zeroinflatednbinomial1,TRUE,NA,933.8196536428015,45.754110403273216,933.6714002859501,38.94370737372163,-496.4030024021614,0,0.0630670731648626,3.2882226326842514,4140.5562491329565,0.9362582026035324,7200,0,0
nb_spatial_month,nbinomial,TRUE,NA,938.9655905208433,44.6812366229542,937.323488184089,36.946041826563444,-495.94501166491494,0,NA,2.2223170731726976,4167.33055673624,0.9297271512053281,7200,3.652087898138916,5.145936878041766
poisson_spatial_month,poisson,TRUE,NA,968.3986594487828,50.68423302404699,997.1878147190793,67.68344470262105,-518.7161455577082,0.3488372093023256,NA,NA,4188.4041236995545,0.956335265959311,7200,63.51641443312917,34.579005805981296
