model,family,spatial,note,dic,p_dic,waic,p_waic,marginal_loglik,cpo_failure_rate,zi_prob_mean,nb_size_mean,spatial_range_mean_m,spatial_sd_mean,mesh_vertices,delta_waic,delta_dic
nb_spatial_month,nbinomial,TRUE,NA,2679.3456940079495,62.63511311627508,2683.467850041653,58.90918334881983,-1440.4374326005038,0,NA,12.642598124292212,1348.8022227835581,1.1600511120352088,33506,0,0
zinb_spatial_month,zeroinflatednbinomial1,TRUE,NA,2682.657167049877,62.99761721886216,2686.2723742816543,58.797939461802734,-1445.040335685122,0,0.003494758703002814,12.65244019859578,1349.3008194977206,1.1596219717833205,33506,2.8045242400012285,3.3114730419274565
poisson_spatial_month,poisson,TRUE,NA,2854.636786782531,56.02828491031778,3056.071232792299,187.39257092929407,-1555.7568647873659,0.01020408163265306,NA,NA,1349.5435644261645,1.1728599062753569,33506,372.6033827506458,175.29109277458156
