month,effort_days,weight,log_rate_ratio_to_prediction_month,mean_rate_ratio_to_prediction_month,annualization_factor,prediction_baseline_month
2023-07,1544.2967592592593,0.2957179219000371,-0.0861054206055024,0.9174975029793547,0.9277689981668553,2023-08
2023-08,1780.0350810185184,0.34085953487362686,0,1,0.9277689981668553,2023-08
2023-09,1742.8704282407407,0.3337428626267379,-0.1642519046113581,0.8485282467776393,0.9277689981668553,2023-08
2023-10,154.99309027777778,0.02967968059959812,0.08765756358291855,1.0916142495456247,0.9277689981668553,2023-08
