term,month,reference_month,prediction_month,mean_log_rate_ratio,q025_log_rate_ratio,q975_log_rate_ratio,mean_rate_ratio,q025_rate_ratio,q975_rate_ratio
month_2023_07,2023-07,2023-08,2023-08,-0.08610552544326082,-0.18794608932462994,0.015123490048760763,0.9174974067909781,0.8286593796153174,1.0152384287180163
month_2023_09,2023-09,2023-08,2023-08,-0.16425177251365364,-0.2668455638870548,-0.06252821413186967,0.8485283588662802,0.7657913281696357,0.9393865584633418
month_2023_10,2023-10,2023-08,2023-08,0.08765726577692845,-0.0911812173099231,0.2666435279773639,1.0916139244564107,0.9128522712764989,1.3055749624220307
