model,family,spatial,note,dic,p_dic,waic,p_waic,marginal_loglik,cpo_failure_rate,zi_prob_mean,nb_size_mean,spatial_range_mean_m,spatial_sd_mean,mesh_vertices,mesh_cutoff_m,mesh_max_edge_inner_m,mesh_max_edge_outer_m,delta_waic
final_current_mesh,nbinomial,TRUE,current,2679.3479682990323,62.63655601675009,2683.4688747569735,58.90935336709363,-1440.436683607532,0,NA,12.642585934171093,1349.0518487331967,1.1602656854514075,33506,150,300,3000,0.05842518657391338
final_finer_mesh,nbinomial,TRUE,finer,2679.342003166202,62.61690018354693,2683.4764362036613,58.904352033581276,-1440.2995418914227,0,NA,12.640908506287223,1539.6536072110478,1.1818052963140535,61786,105,210,2100,0.06598663326167298
final_coarser_mesh,nbinomial,TRUE,coarser,2679.3164374697344,62.68166311978894,2683.4104495703996,58.92551024389293,-1440.4280636001713,0,NA,12.637916209040755,1665.9545755276217,1.1488245777126145,17590,217.5,435,4350,0
